[
    {"name": "Amy", "mark": 90},
    {"name": "Ben", "mark": 85},
    {"name": "Charlie", "mark": 78},
    {"name": "David", "mark": 92},
    {"name": "Ella", "mark": 88},
    {"name": "Fiona", "mark": 76},
    {"name": "George", "mark": 83},
    {"name": "Hannah", "mark": 91},
    {"name": "Ian", "mark": 75},
    {"name": "Jack", "mark": 89},
    {"name": "Karen", "mark": 82},
    {"name": "Liam", "mark": 87},
    {"name": "Mia", "mark": 94},
    {"name": "Noah", "mark": 77},
    {"name": "Olivia", "mark": 86},
    {"name": "Paul", "mark": 80},
    {"name": "Quinn", "mark": 73},
    {"name": "Rachel", "mark": 84},
    {"name": "Sam", "mark": 93},
    {"name": "Tina", "mark": 79},
    {"name": "Uma", "mark": 81},
    {"name": "Victor", "mark": 74},
    {"name": "Wendy", "mark": 88},
    {"name": "Xander", "mark": 90},
    {"name": "Yara", "mark": 82},
    {"name": "Zach", "mark": 85}
]